album_id,track_id,title,track_number,duration_ms,album_name,artists
60mvULtYiNSRmpVvoa3RE4,4pn0G7yHNfTgRYRWca8gYA,We Are One (Ole Ola) [The Official 2014 FIFA World Cup Song],1,222466,We Are One (Ole Ola) [The Official 2014 FIFA World Cup Song],Pitbull
4JXziyWNlxM4oPw34PMjVj,4TodN6on0egMGf46YPk5oZ,Revenge of the Lol Cat,1,200687,A13,Garnier
4JXziyWNlxM4oPw34PMjVj,4UzpPEH482FOkIesWLVgjg,Wise Words for No-Life Guacamoles,2,289312,A13,Garnier
4JXziyWNlxM4oPw34PMjVj,1Q1Sk1KFf6CyqBg1hBAFms,The Rise & Fall of the Donkey Dog,3,364125,A13,Garnier
4JXziyWNlxM4oPw34PMjVj,1BkGDuLS2SAS4vNHTTKMAt,Dinosaurs Are Gone,4,269750,A13,Garnier
4JXziyWNlxM4oPw34PMjVj,3JSYH8oCOjFsjWDUL8iAI6,Revenge of the Lol Cat - Fulgeance Remix,5,259624,A13,Garnier
4JXziyWNlxM4oPw34PMjVj,6Hf6Kr5v5R6qwpZv7uKrBW,Dinosaurs Are Gone - S3A's Ravist Remix,6,292968,A13,Garnier
4JXziyWNlxM4oPw34PMjVj,4Fu9qbVVl8ZzjURvaGQg4M,Wise Words for No-Life Guacamoles - Claude Remix,7,278816,A13,Garnier
4JXziyWNlxM4oPw34PMjVj,3dXog3qDLviOy8bQ25c5QS,Revenge of the Lol Cat - Baron Rétif & Concepcion Perez Remix,8,185759,A13,Garnier
4JXziyWNlxM4oPw34PMjVj,4A0YQMN4k5hnFTsK7AbUBC,Dinosaurs Are Gone - S3A's Ravist Extended Remix,9,292968,A13,Garnier
1SIpLwZu1R69coxKMH06kw,2M8g01v2vUMn39YQ10l7ef,Fake Your Death,1,200786,May Death Never Stop You,My Chemical Romance
1SIpLwZu1R69coxKMH06kw,3CVK63YAWTCSc90CRBg7aD,"Honey, This Mirror Isn't Big Enough For The Two Of Us",2,233120,May Death Never Stop You,My Chemical Romance
1SIpLwZu1R69coxKMH06kw,4CHgMsn2siH3llSPvaHruj,Vampires Will Never Hurt You,3,326346,May Death Never Stop You,My Chemical Romance
1SIpLwZu1R69coxKMH06kw,3ZaS7Bcz9tpFIjfst63tSw,Helena,4,205920,May Death Never Stop You,My Chemical Romance
1SIpLwZu1R69coxKMH06kw,0xlO6Imwi6jaFlCNWWzS7z,You Know What They Do To Guys Like Us In Prison,5,175080,May Death Never Stop You,My Chemical Romance
1SIpLwZu1R69coxKMH06kw,14mqKOS4dHMf48spDuzfYv,I'm Not Okay (I Promise),6,188186,May Death Never Stop You,My Chemical Romance
1SIpLwZu1R69coxKMH06kw,7L3ZztbqdEbKItCMELoMk5,The Ghost Of You,7,237066,May Death Never Stop You,My Chemical Romance
1SIpLwZu1R69coxKMH06kw,60OyEYORxZjS7xlfoAgyjR,Welcome To The Black Parade,8,314426,May Death Never Stop You,My Chemical Romance
1SIpLwZu1R69coxKMH06kw,5GkmWaLP20HiMZhlRCHE42,Cancer,9,144520,May Death Never Stop You,My Chemical Romance
1SIpLwZu1R69coxKMH06kw,7KZTEpNYr4OyGDhPE8V4dN,Mama,10,279306,May Death Never Stop You,My Chemical Romance
1SIpLwZu1R69coxKMH06kw,4ysna0NWUk08Le3vU4x0iV,Teenagers,11,162200,May Death Never Stop You,My Chemical Romance
1SIpLwZu1R69coxKMH06kw,51D32A7guJQTmjM5is9UMp,Famous Last Words,12,300400,May Death Never Stop You,My Chemical Romance
1SIpLwZu1R69coxKMH06kw,7vb1HJXTK7hR3ug25xtiuY,Na Na Na (Na Na Na Na Na Na Na Na Na),13,206226,May Death Never Stop You,My Chemical Romance
1SIpLwZu1R69coxKMH06kw,0M2hkIRjThYwmhgPYBBVWg,SING,14,271333,May Death Never Stop You,My Chemical Romance
1SIpLwZu1R69coxKMH06kw,1yvnnkDmD0NtmZYqai5eJT,Planetary (GO!),15,247080,May Death Never Stop You,My Chemical Romance
1SIpLwZu1R69coxKMH06kw,2KbmrXsDOit0hvEdorMZ2o,The Kids From Yesterday,16,326480,May Death Never Stop You,My Chemical Romance
1SIpLwZu1R69coxKMH06kw,53rLsylqyS2zPTOWsiAAYe,Skylines And Turnstiles - Demo,17,210493,May Death Never Stop You,My Chemical Romance
1SIpLwZu1R69coxKMH06kw,11NkQnWiJLu57DCSJ0SshS,Knives/Sorrow - Demo,18,134320,May Death Never Stop You,My Chemical Romance
1SIpLwZu1R69coxKMH06kw,3Hgt4LiNlZwa2XAEZYnK8c,Cubicles - Demo,19,239600,May Death Never Stop You,My Chemical Romance
5qZNAZ5xJCUAiyYoETU0aj,34noEddgCKzeP7qWxrioVW,Keep Watch,1,257044,Keep Watch,Wu-Tang Clan
5ZzFFF7wSMmGaIWjAHElnW,2x50fMpSjA2WWmptDUStS9,Wish I Had It,1,211202,By Any Means,Kevin Gates
5ZzFFF7wSMmGaIWjAHElnW,0IIZmYolCBvZBRTFd9ZLx0,Don't Know,2,185102,By Any Means,Kevin Gates
5ZzFFF7wSMmGaIWjAHElnW,4UXzgigafc4gUxb90nX3rP,Amnesia (feat. Doe B),3,209278,By Any Means,Kevin Gates
5ZzFFF7wSMmGaIWjAHElnW,1H78gtfbgSHZC3ENcded8O,Can't Make This Up,4,209450,By Any Means,Kevin Gates
5ZzFFF7wSMmGaIWjAHElnW,2ar9GEe8sswftJX09DdNGx,Movie,7,201074,By Any Means,Kevin Gates
5ZzFFF7wSMmGaIWjAHElnW,4kmF8vslxiK5wqCNqoKtrR,Go Hard (feat. Rico Love),8,219740,By Any Means,Kevin Gates
5ZzFFF7wSMmGaIWjAHElnW,2cxQalNob00d1cD8hxVS3r,Bet I'm On It (feat. 2 Chainz),9,210362,By Any Means,Kevin Gates
5ZzFFF7wSMmGaIWjAHElnW,3hudWJT4lTApOYyFyAJcNR,Arm and Hammer,10,207304,By Any Means,Kevin Gates
5ZzFFF7wSMmGaIWjAHElnW,0CatNULiPDGfflDdMODjDU,Posed To Be In Love,11,164469,By Any Means,Kevin Gates
5ZzFFF7wSMmGaIWjAHElnW,7uxJ7KAn4F7y2cef4nS0q2,Stop Lyin',12,262136,By Any Means,Kevin Gates
5ZzFFF7wSMmGaIWjAHElnW,0LNgX0USJYZeFw12NYNGC8,Wit It,13,207822,By Any Means,Kevin Gates
5ZzFFF7wSMmGaIWjAHElnW,3xyAS3W9mkvxMDoBLRzEJO,Just Want Some Money,14,245355,By Any Means,Kevin Gates
5ZzFFF7wSMmGaIWjAHElnW,142xvD2Bi2Qt7TCD9z2FLV,Again,15,206730,By Any Means,Kevin Gates
5ZzFFF7wSMmGaIWjAHElnW,6WYLTRkDw5PZj9vzI6Vnjq,Get Up On My Level,16,255932,By Any Means,Kevin Gates
0LKHTm8YOJH9ygGm8DWv40,4ImCyudSrXDKu38GbLc30P,Depth of My Soul (feat. Shana Halligan),1,203215,Depth of My Soul (feat. Shana Halligan),Thievery Corporation
1dKh4z5Aayt8FFDWjO5FDh,41X9To0bQ4fpoSRri4NHiI,Seasons (Waiting On You),1,226440,Singles,Future Islands
1dKh4z5Aayt8FFDWjO5FDh,7pkrYfwDOixoFKdc84YFHf,Spirit,2,261773,Singles,Future Islands
1dKh4z5Aayt8FFDWjO5FDh,0NCIwY63Lk4LLXeenFNzK6,Sun in the Morning,3,228120,Singles,Future Islands
1dKh4z5Aayt8FFDWjO5FDh,1JGqs57Uc5EsfzZTLV1iNV,Doves,4,208000,Singles,Future Islands
1dKh4z5Aayt8FFDWjO5FDh,6mfUwnHd7OTYPEWmOsvJsn,Back in the Tall Grass,5,255146,Singles,Future Islands
1dKh4z5Aayt8FFDWjO5FDh,65wNNrAj5mMOLvLQ2JQhlv,A Song For Our Grandfathers,6,295013,Singles,Future Islands
1dKh4z5Aayt8FFDWjO5FDh,1JphIJINWC3tORxOIKlmg4,Light House,7,287146,Singles,Future Islands
1dKh4z5Aayt8FFDWjO5FDh,2ZJBl3HBmjRxDJOkNIGSBR,Like the Moon,8,279546,Singles,Future Islands
1dKh4z5Aayt8FFDWjO5FDh,4XJfCdGzmNyBHRCzBWKu4P,Fall From Grace,9,254640,Singles,Future Islands
1dKh4z5Aayt8FFDWjO5FDh,75dPA4e9zmNGZCMnTxHj6P,A Dream of You and Me,10,239306,Singles,Future Islands
33jUyJOx4j6BWJ7VkzWoth,7FiJpVqkeiMHH3AzUgyJqx,Out Among the Stars,1,180760,Out Among The Stars,Johnny Cash
33jUyJOx4j6BWJ7VkzWoth,3uktHVijqOMqLKhXQSTmrY,Baby Ride Easy,2,161533,Out Among The Stars,Johnny Cash
33jUyJOx4j6BWJ7VkzWoth,4yEvfGgJ9tYfyfXXMLza1V,She Used to Love Me a Lot,3,189506,Out Among The Stars,Johnny Cash
33jUyJOx4j6BWJ7VkzWoth,35LKy2VxStGr6hRme7ENlL,After All,4,167813,Out Among The Stars,Johnny Cash
33jUyJOx4j6BWJ7VkzWoth,3xKLRPj0ZgrvPng2QIXtll,I'm Movin' On,5,187493,Out Among The Stars,Johnny Cash
33jUyJOx4j6BWJ7VkzWoth,4Dlb3TR2DCRHUz35WYG9qO,If I Told You Who It Was,6,183693,Out Among The Stars,Johnny Cash
33jUyJOx4j6BWJ7VkzWoth,1Zafhe6hrQtd8IVTFIBNeH,Call Your Mother,7,195946,Out Among The Stars,Johnny Cash
33jUyJOx4j6BWJ7VkzWoth,7g0vEUHzcgDDvasACM3YfR,I Drove Her Out of My Mind,8,178240,Out Among The Stars,Johnny Cash
33jUyJOx4j6BWJ7VkzWoth,4jCoczfqIvz2pg60UIBgBR,Tennessee,9,205840,Out Among The Stars,Johnny Cash
33jUyJOx4j6BWJ7VkzWoth,5LkTlcCQpV21BYpSIkL3Q1,Rock and Roll Shoes,10,160786,Out Among The Stars,Johnny Cash
33jUyJOx4j6BWJ7VkzWoth,5aUtBOsa4bVpMugy7t4kOy,Don't You Think It's Come Our Time,11,135293,Out Among The Stars,Johnny Cash
33jUyJOx4j6BWJ7VkzWoth,5oK8gsRe38XNrEvfyacDC3,I Came to Believe,12,199746,Out Among The Stars,Johnny Cash
33jUyJOx4j6BWJ7VkzWoth,0JZGsl4TMNQaDWGvxVSgjm,She Used to Love Me a Lot - JC/EC Version,13,203253,Out Among The Stars,Johnny Cash
4kE1w1zgP6Ag6Ojbuxzk7l,2zuae8BxB3Hnrr7t39zfbf,Drive-By Buddy,1,166880,Underneath the Rainbow (Bonus Track Version),Black Lips
4kE1w1zgP6Ag6Ojbuxzk7l,6NPQ1tA6EYzuKM7Z9M7FkE,Smiling,2,130973,Underneath the Rainbow (Bonus Track Version),Black Lips
4kE1w1zgP6Ag6Ojbuxzk7l,54hhjQkM2rb6QJLq6K5g3g,Make You Mine,3,139600,Underneath the Rainbow (Bonus Track Version),Black Lips
4kE1w1zgP6Ag6Ojbuxzk7l,4BAAyLMY1lMUivwVeKYkzx,Funny,4,179826,Underneath the Rainbow (Bonus Track Version),Black Lips
4kE1w1zgP6Ag6Ojbuxzk7l,79HGMaNTmeNxp68OUwYtCw,Dorner Party,5,158440,Underneath the Rainbow (Bonus Track Version),Black Lips
4kE1w1zgP6Ag6Ojbuxzk7l,5tXDu75CoWYf9MkWjNxVTw,Justice After All,6,150560,Underneath the Rainbow (Bonus Track Version),Black Lips
4kE1w1zgP6Ag6Ojbuxzk7l,0qAPxT4KrKWhPeUNhJqtZS,Boys In The Wood,7,217693,Underneath the Rainbow (Bonus Track Version),Black Lips
4kE1w1zgP6Ag6Ojbuxzk7l,5sQaGZdT80llXhCXAvLN59,Waiting,8,216320,Underneath the Rainbow (Bonus Track Version),Black Lips
4kE1w1zgP6Ag6Ojbuxzk7l,0GKMK2UMn3vdbv9B6IDpdb,Do The Vibrate,9,151306,Underneath the Rainbow (Bonus Track Version),Black Lips
4kE1w1zgP6Ag6Ojbuxzk7l,77FOoFWCjahdHDBlNCrxqw,I Don't Wanna Go Home,10,188706,Underneath the Rainbow (Bonus Track Version),Black Lips
4kE1w1zgP6Ag6Ojbuxzk7l,3A8jEhIa694OVuKiRItls6,Dandelion Dust,11,149906,Underneath the Rainbow (Bonus Track Version),Black Lips
4kE1w1zgP6Ag6Ojbuxzk7l,4q0aQG2SUAXw2cHCPRdTqE,Dog Years,12,196120,Underneath the Rainbow (Bonus Track Version),Black Lips
4kE1w1zgP6Ag6Ojbuxzk7l,1OGSbj5VzgAcoePzZUr4WK,Nightmare Field - Bonus Track,13,106133,Underneath the Rainbow (Bonus Track Version),Black Lips
14GhiNSb8mH3sOnersqp28,2zbQoG6ZSrnaUrz4mv2B3f,FALLINLOVE2NITE,1,198137,FALLINLOVE2NITE,Prince
1YPlEB0kZ4SOyT2kBLgINR,6X09rvWU4e006FXM2mcHLy,The Upsetter,1,257786,Love Letters,Metronomy
1YPlEB0kZ4SOyT2kBLgINR,5gRBzv7QQJXz7HkEJYBIyx,I'm Aquarius,2,241634,Love Letters,Metronomy
1YPlEB0kZ4SOyT2kBLgINR,5AKaQaTPsgsSx641wEJ7vX,Monstrous,3,233120,Love Letters,Metronomy
1YPlEB0kZ4SOyT2kBLgINR,5H9IW5aJnBMFKbG0SmvfrD,Love Letters,4,315885,Love Letters,Metronomy
1YPlEB0kZ4SOyT2kBLgINR,7ezQ9mKeDofVIj4P2WHnjv,Month of Sundays,5,206520,Love Letters,Metronomy
1YPlEB0kZ4SOyT2kBLgINR,5Omgo3gl0QGPgCctjAw6fr,Boy Racers,6,258720,Love Letters,Metronomy
1YPlEB0kZ4SOyT2kBLgINR,4bTCAjmdlOv01tv6YIp4zK,Call Me,7,231746,Love Letters,Metronomy
1YPlEB0kZ4SOyT2kBLgINR,3mmpZj6q3WkP8eOrovDvNV,The Most Immaculate Haircut,8,270706,Love Letters,Metronomy
1YPlEB0kZ4SOyT2kBLgINR,4ypXLCLAtJwkPUSkJesFwy,Reservoir,9,194733,Love Letters,Metronomy
1YPlEB0kZ4SOyT2kBLgINR,2otKhgxHGgKVF9VIyek2OI,Never Wanted,10,276240,Love Letters,Metronomy
2BQejnIGjuFugsT71hhOG3,4D27LqOTPgj2oNNjC03GUK,This Blue World,1,432827,The Take Off And Landing Of Everything,Elbow
2BQejnIGjuFugsT71hhOG3,4LUcAtyVLG7LmM26xoMQc8,Charge,2,316973,The Take Off And Landing Of Everything,Elbow
2BQejnIGjuFugsT71hhOG3,1nMJisovgVkF1TiS0qFoAM,Fly Boy Blue / Lunette,3,383800,The Take Off And Landing Of Everything,Elbow
2BQejnIGjuFugsT71hhOG3,2njkpL2DHQ0vXjUbNjBTSI,New York Morning,4,319907,The Take Off And Landing Of Everything,Elbow
2BQejnIGjuFugsT71hhOG3,5SgFlvdiyIWLkIJ1Hx0Zwe,Real Life (Angel),5,407333,The Take Off And Landing Of Everything,Elbow
2BQejnIGjuFugsT71hhOG3,41xWUZefvzUMTW3gbmrf4n,Honey Sun,6,296613,The Take Off And Landing Of Everything,Elbow
2BQejnIGjuFugsT71hhOG3,3jsTCGV2vxIkiOcGVcy5Cy,My Sad Captains,7,360373,The Take Off And Landing Of Everything,Elbow
2BQejnIGjuFugsT71hhOG3,4C9yY64A7QmmSf9Dm0fIDz,Colour Fields,8,222720,The Take Off And Landing Of Everything,Elbow
2BQejnIGjuFugsT71hhOG3,3wchs2EDgH9QJAi6P9X081,The Take Off and Landing of Everything,9,431067,The Take Off And Landing Of Everything,Elbow
2BQejnIGjuFugsT71hhOG3,7GmM59JrPv8pGjCORzBiLy,The Blanket of Night,10,262445,The Take Off And Landing Of Everything,Elbow
1RUwY4InqOgnkrH1zcl9AI,5zsgyaahJyDW91qyvzSG3Y,Guilty All The Same (feat. Rakim),1,355120,Guilty All The Same (feat. Rakim),Linkin Park
13xRSfodlL3UtG3xSyL8u2,4gu3tSjEW0VkA6Jy34lHKQ,Fire Rides,1,207573,No Mythologies to Follow (Deluxe),MØ
13xRSfodlL3UtG3xSyL8u2,31eH7YC0zPf98WOhczf1hx,Maiden,2,226346,No Mythologies to Follow (Deluxe),MØ
13xRSfodlL3UtG3xSyL8u2,6d0ngKUM9Oa2pOHVynxPUX,Never Wanna Know,3,253186,No Mythologies to Follow (Deluxe),MØ
13xRSfodlL3UtG3xSyL8u2,6J6QmnaqYdR9TX6Y3exNIm,Red in the Grey,4,226693,No Mythologies to Follow (Deluxe),MØ
13xRSfodlL3UtG3xSyL8u2,4i01Ymu4kscMhVsQx3BZzn,Pilgrim,5,232680,No Mythologies to Follow (Deluxe),MØ
13xRSfodlL3UtG3xSyL8u2,3LEpUpXzlFl54SbyVhAiuX,Don't Wanna Dance,6,195760,No Mythologies to Follow (Deluxe),MØ
13xRSfodlL3UtG3xSyL8u2,5eGTj8vmRYr6aVmscyZdLS,Waste of Time,7,215640,No Mythologies to Follow (Deluxe),MØ
13xRSfodlL3UtG3xSyL8u2,29SNqlAPUw6bZs1Vx7Kqpn,Dust Is Gone,8,229506,No Mythologies to Follow (Deluxe),MØ
13xRSfodlL3UtG3xSyL8u2,4hwKAW5ZmTwDzKWl2jljho,XXX 88,9,221440,No Mythologies to Follow (Deluxe),MØ
13xRSfodlL3UtG3xSyL8u2,0Lsv1vmjvWVQ9n9nFqxwnx,Walk This Way,10,222773,No Mythologies to Follow (Deluxe),MØ
13xRSfodlL3UtG3xSyL8u2,20yz63A8frTySsQtRAV4FP,Slow Love,11,217160,No Mythologies to Follow (Deluxe),MØ
13xRSfodlL3UtG3xSyL8u2,4jH5Bg4XNLpq54ulUaXfRo,Glass,12,196346,No Mythologies to Follow (Deluxe),MØ
13xRSfodlL3UtG3xSyL8u2,2tuTy5nBYu4quvjauQ95jl,No Mythologies to Follow,13,222080,No Mythologies to Follow (Deluxe),MØ
13xRSfodlL3UtG3xSyL8u2,6QD8oil9DHJVcvOb4b3qHm,Dummy Head,14,209613,No Mythologies to Follow (Deluxe),MØ
13xRSfodlL3UtG3xSyL8u2,3DJn9Fhv3PIwVgL8fjo0Ar,The Sea,15,219120,No Mythologies to Follow (Deluxe),MØ
13xRSfodlL3UtG3xSyL8u2,7bwugdPu3uLLy88PdEdgjK,Gone and Found,16,296440,No Mythologies to Follow (Deluxe),MØ
13xRSfodlL3UtG3xSyL8u2,2aFrh5L0imAgfjhZXdchHW,Fire Rides - Night Version,17,208906,No Mythologies to Follow (Deluxe),MØ
13xRSfodlL3UtG3xSyL8u2,5i88hvWjPfeBy0sb69SCVZ,Dust Is Gone - Night Version,18,255533,No Mythologies to Follow (Deluxe),MØ
13xRSfodlL3UtG3xSyL8u2,52aZZdJNMJ24tiqh6zO2GM,Slow Love - Night Version,19,254946,No Mythologies to Follow (Deluxe),MØ
13xRSfodlL3UtG3xSyL8u2,6yGUGkf65z69HAaUaoE1ox,The Sea - Night Version,20,234813,No Mythologies to Follow (Deluxe),MØ
7lAYJiypiPbCDvjKOBX1TV,6hBmL5yVbXDHSWX6GbuogP,Had To Hear,1,290826,Atlas,Real Estate
7lAYJiypiPbCDvjKOBX1TV,5v6hSkkTrsCcMJUAKjjqje,Past Lives,2,273080,Atlas,Real Estate
7lAYJiypiPbCDvjKOBX1TV,5OBb8hxS8BLpyXl7KUM8hJ,Talking Backwards,3,187733,Atlas,Real Estate
7lAYJiypiPbCDvjKOBX1TV,0zLuS0SReMA9QcyYp79rby,April's Song,4,212240,Atlas,Real Estate
7lAYJiypiPbCDvjKOBX1TV,1wywoXr74a4jg7k1rdLKwM,The Bend,5,312146,Atlas,Real Estate
7lAYJiypiPbCDvjKOBX1TV,1qrV076T6ZPUPQ2iMgI51s,Crime,6,195960,Atlas,Real Estate
7lAYJiypiPbCDvjKOBX1TV,2BmREVNjF9HI7AZtKkgtF6,Primitive,7,256973,Atlas,Real Estate
7lAYJiypiPbCDvjKOBX1TV,2Pce9JBNvilgevJz15oI6h,How Might I Live,8,149040,Atlas,Real Estate
7lAYJiypiPbCDvjKOBX1TV,1mgROKjkZvx4hsJvFMmgco,Horizon,9,191160,Atlas,Real Estate
7lAYJiypiPbCDvjKOBX1TV,666Gk4BJDwD9rjxNCXBRlx,Navigator,10,213866,Atlas,Real Estate
4cCfFozyo6JC8acN8uIP7u,27jdUE1EYDSXZqhjuNxLem,Magic,1,285014,Magic,Coldplay
4JHtCtKG5CXJAXYLJtKUEE,14ZqJDqOGMXylIbbbqFzkh,Pathetic,1,208600,Somebody's Party - EP,Erik Hassle
4JHtCtKG5CXJAXYLJtKUEE,3TSACWYAkGgaQFwin3GPc0,Talk About It,2,257573,Somebody's Party - EP,Erik Hassle
4JHtCtKG5CXJAXYLJtKUEE,54p2jtKcqdlTZPqia7Elr2,Ready for You,3,213906,Somebody's Party - EP,Erik Hassle
4JHtCtKG5CXJAXYLJtKUEE,0rXcPwgqjQIbe4JgQYoVsL,What Is He Like,4,208013,Somebody's Party - EP,Erik Hassle
4JHtCtKG5CXJAXYLJtKUEE,3TsCLXrx6KETW8G43002ba,Innocence Lost,5,213546,Somebody's Party - EP,Erik Hassle
4JHtCtKG5CXJAXYLJtKUEE,6BRbcVPXqFnqzibEZuY0a9,Somebody's Party,6,223173,Somebody's Party - EP,Erik Hassle
0wL14x2cSMyqyZHGv8PNPL,1IIl7KgxYg450oQYNAVjIS,Bout My Bread,1,185991,Space Jams,Tony Wrecks
0wL14x2cSMyqyZHGv8PNPL,67gjXKaQEXfmRWGe5CSI8k,Grindin Skit,2,59506,Space Jams,Tony Wrecks
0wL14x2cSMyqyZHGv8PNPL,7JSFeMGpfCeGfi9fF7HfOg,Drop It In Tha Bank,3,230635,Space Jams,Tony Wrecks
0wL14x2cSMyqyZHGv8PNPL,407DIGsHkUBSLl6sYPcVaD,Batter Up,4,114860,Space Jams,Tony Wrecks
0wL14x2cSMyqyZHGv8PNPL,222cMxYXtoygBXF4jV8vyl,I Get Toe Up,5,180009,Space Jams,Tony Wrecks
0wL14x2cSMyqyZHGv8PNPL,3XgOpzBawtg0KIfS5hfOWB,My Drop,7,199627,Space Jams,Tony Wrecks
0wL14x2cSMyqyZHGv8PNPL,2qAsSaksHtDjKnmKfKUjEu,Heavyweights,8,186488,Space Jams,Tony Wrecks
0wL14x2cSMyqyZHGv8PNPL,72bzqGi9FCQAgUMPeQps7E,Preapproved - Freestyle,9,129462,Space Jams,Tony Wrecks
0wL14x2cSMyqyZHGv8PNPL,4kP1yZ4qt5w5JZMtQU31a1,Soldiers,10,186671,Space Jams,Tony Wrecks
0wL14x2cSMyqyZHGv8PNPL,0zeRXUYrly1vxswBRyHJ9b,Don't Wanna See Me,11,194664,Space Jams,Tony Wrecks
0wL14x2cSMyqyZHGv8PNPL,6UQK1MgzoocIH1tVT7g7Y4,Lookin Clean,12,268016,Space Jams,Tony Wrecks
0wL14x2cSMyqyZHGv8PNPL,1myZ7cddQE6K636KNvtm6F,One For Tha Money,13,189022,Space Jams,Tony Wrecks
0wL14x2cSMyqyZHGv8PNPL,2uZJrXalO0DYx0G0nHPpSU,Toe Up Slowed And Chopped,14,210024,Space Jams,Tony Wrecks
0wL14x2cSMyqyZHGv8PNPL,4GjHf6ZKYNFo803JF95ECr,Swagger Up Slowed And Chopped,15,151823,Space Jams,Tony Wrecks
